symbol,market_volume,exchange_count,exchanges,price,analysis_exchange,tf_score,technical_score,15m_trend,1h_trend,4h_trend,1d_trend,atr,price_action,price_action_score,breakout,breakout_score,volume_ratio,volume_score,support,resistance,sr_score,name,cmc_rank,market_cap,circulating_supply,total_supply,max_supply,fdv,mc_fdv_ratio,supply_ratio,market_pairs,asset_age_days,fundamental_score,fundamental_rating,fundamental_status,fundamental_reason,news_score,news_sentiment,news_impact,news_count,news_headlines,orderbook_imbalance,orderbook_signal,orderbook_exchanges,orderbook_names,funding,funding_signal,open_interest,futures_exchanges,futures_names,btc_score,btc_regime,global_market_cap,btc_dominance,global_market_volume,fear_greed,fear_greed_class,signal,long_score,short_score,signal_strength,confidence,stop_loss,take_profit,learning_adjustment,reason,timestamp,learning_total,learning_hit_rate
NEAR/USDT,110069651.98,2,"okx,kucoin",5.3,OKX,0.8800344192500419,72.14444629184324,BULLISH,BULLISH,BULLISH,BULLISH,0.12650526172583504,BEARISH,-0.3534246575342489,NO_BREAKOUT,0.0,1.0191385253678342,-0.005636211104547643,4.869,5.468,0.0,NEAR Protocol,16.0,6975681249.60922,1308369463.0,1308369463.0,,6975681249.61,0.9999999999998882,,678.0,2249,67.0,NEUTRAL,OK,TOP50|LOW_FDV_GAP,0.467,BULLISH,MEDIUM,2,Ethereum’s Glamsterdam test runs near 200 million gas per block after upgrade || NEAR’s Polosukhin sees shrinking need for centralized exchanges as onchain tools expand,0.041338187041378274,NEUTRAL,2,"OKX,KUCOIN",0.0001,NEUTRAL,188875879.843,2,"KUCOIN,OKX",-0.3770342092902886,BEARISH,2804019352778.6733,59.080019405934,96221973240.69,59.0,Neutral,LONG,67.93,32.07,67.93,69.45,5.110242107411247,5.679515785177505,-0.0087,TF:0.88 | TECH:72.1 | FUND:67.0 | NEWS:BULLISH | OB:NEUTRAL | FUNDING:NEUTRAL | BTC:BEARISH | LEARN:-0.009,2026-10-08T04:47:30.398375+00:00,1463,0.4566
ZEC/USDT,97624681.76,2,"okx,kucoin",1239.2,OKX,-0.6659175421365157,15.456887219999771,BEARISH,BEARISH,BEARISH,NEUTRAL,23.477161446631328,STRONG_BEARISH,-0.9008203618005898,BEARISH_BREAKOUT,-1.0,4.857955548374626,-0.8979197668934156,1289.34,1384.39,0.25,Zcash AI,3866.0,3747.572858921733,20962605.0,21000000.0,21000000.0,3754.26,0.9982187858384163,0.9982192857142858,1.0,320,54.0,NEUTRAL,OK,LOW_FDV_GAP,0.0,NO_NEWS,NONE,0,,-0.23406065674597687,BEARISH,2,"OKX,KUCOIN",0.0001,NEUTRAL,146383830.632,2,"KUCOIN,OKX",-0.3770342092902886,BEARISH,2804019352778.6733,59.080019405934,96221973240.69,59.0,Neutral,SHORT,25.97,74.03,74.03,72.53,1274.415742169947,1168.768515660106,-0.0087,TF:-0.67 | TECH:15.5 | FUND:54.0 | NEWS:NO_NEWS | OB:BEARISH | FUNDING:NEUTRAL | BTC:BEARISH | LEARN:-0.009,2026-10-08T04:47:33.115855+00:00,1463,0.4566
HYPE/USDT,23751927.9,2,"okx,kucoin",86.75,OKX,-0.4844580733679973,20.76263745697722,BEARISH,BEARISH,BEARISH,BULLISH,0.8463205967552884,STRONG_BEARISH,-0.9738999137187243,BEARISH_BREAKOUT,-1.0,2.1220583139493936,-0.7138092731719461,87.176,94.373,0.25,Hyperliquid,9.0,22065507879.27902,254299421.90781248,950987554.1161786,950987554.1161786,82516992020.74,0.26740562566474824,0.2674056256647347,335.0,814,62.0,NEUTRAL,OK,TOP50,-0.175,BEARISH,MEDIUM,3,"Wall Street wealth creation model is unsustainable for most participants: Hyperliquid CEO || Crypto liquidations hit $550M as Bitcoin price dips below $84K || ‘Every single exchange’ will have to adopt public blockchain infrastructure to compete, Hyperliquid Policy Center CEO says",-0.0864827120313648,NEUTRAL,2,"OKX,KUCOIN",3.037699590005e-05,NEUTRAL,98743460.9256,2,"KUCOIN,OKX",-0.3770342092902886,BEARISH,2804019352778.6733,59.080019405934,96221973240.69,59.0,Neutral,SHORT,30.14,69.86,69.86,67.9,88.01948089513293,84.21103820973414,-0.0087,TF:-0.48 | TECH:20.8 | FUND:62.0 | NEWS:BEARISH | OB:NEUTRAL | FUNDING:NEUTRAL | BTC:BEARISH | LEARN:-0.009,2026-10-08T04:47:49.466909+00:00,1463,0.4566
XRP/USDT,84075943.02,2,"okx,kucoin",1.3991,OKX,-0.42228280082380626,24.560417934426383,BEARISH,BEARISH,BEARISH,NEUTRAL,0.012143597429393596,STRONG_BEARISH,-0.7010204081632683,BEARISH_BREAKOUT,-1.0,3.4330173458990765,-0.6771301963410409,1.4066,1.524,0.25,XRP AI,7418.0,0.0,0.0,100000000.0,100000000.0,7629.36,0.0,0.0,1.0,378,37.0,WEAK,OK,HIGH_FDV_RISK,0.0,NO_NEWS,NONE,0,,-0.032080328451969245,NEUTRAL,2,"OKX,KUCOIN",-2.4502937935e-05,NEUTRAL,108555893.19679996,2,"KUCOIN,OKX",-0.3770342092902886,BEARISH,2804019352778.6733,59.080019405934,96221973240.69,59.0,Neutral,SHORT,30.37,69.63,69.63,69.22,1.4173153961440903,1.3626692077118192,-0.0087,TF:-0.42 | TECH:24.6 | FUND:37.0 | NEWS:NO_NEWS | OB:NEUTRAL | FUNDING:NEUTRAL | BTC:BEARISH | LEARN:-0.009,2026-10-08T04:47:34.470295+00:00,1463,0.4566
LIT/USDT,14023899.05,2,"okx,kucoin",3.503,OKX,-0.7334986806986191,24.640275322106486,BEARISH,BEARISH,BEARISH,NEUTRAL,0.053043212089299956,STRONG_BEARISH,-0.7188524590163933,NO_BREAKOUT,0.0,1.338292047350572,-0.19744860130435635,3.491,4.0275,0.25,Global X Lithium & Battery Tech ETF (Derivatives),,,0.0,0.0,,0.0,,,,250,50.0,NEUTRAL,OK,NEUTRAL,0.0,NO_NEWS,NONE,0,,-0.22358148066928485,BEARISH,2,"OKX,KUCOIN",5e-05,NEUTRAL,19487376.304,2,"KUCOIN,OKX",-0.3770342092902886,BEARISH,2804019352778.6733,59.080019405934,96221973240.69,59.0,Neutral,SHORT,31.28,68.72,68.72,68.54,3.58256481813395,3.3438703637321003,-0.0087,TF:-0.73 | TECH:24.6 | FUND:50.0 | NEWS:NO_NEWS | OB:BEARISH | FUNDING:NEUTRAL | BTC:BEARISH | LEARN:-0.009,2026-10-08T04:48:07.072447+00:00,1463,0.4566
ENA/USDT,19037660.73,2,"okx,kucoin",0.21684,OKX,-0.4877541432124528,21.729873994510655,BEARISH,BEARISH,BEARISH,BULLISH,0.0037703927854365804,STRONG_BEARISH,-0.852607361963192,BEARISH_BREAKOUT,-1.0,2.2407508803741627,-0.6611896154495803,0.21637,0.24925,0.25,Ethena [IOU],,,0.0,0.0,,0.0,,,,923,51.0,NEUTRAL,OK,NEUTRAL,0.0,NO_NEWS,NONE,0,,0.3031988958952441,BULLISH,2,"OKX,KUCOIN",4.0130421725e-05,NEUTRAL,136031487.594,2,"KUCOIN,OKX",-0.3770342092902886,BEARISH,2804019352778.6733,59.080019405934,96221973240.69,59.0,Neutral,SHORT,32.21,67.79,67.79,66.34,0.22249558917815487,0.20552882164369027,-0.0087,TF:-0.49 | TECH:21.7 | FUND:51.0 | NEWS:NO_NEWS | OB:BULLISH | FUNDING:NEUTRAL | BTC:BEARISH | LEARN:-0.009,2026-10-08T04:47:53.348586+00:00,1463,0.4566
SOL/USDT,98873602.38,2,"okx,kucoin",114.59,OKX,-0.34690407771790677,25.986839765895006,BEARISH,BEARISH,BEARISH,BULLISH,0.8321894860985882,STRONG_BEARISH,-0.8009433962264089,BEARISH_BREAKOUT,-1.0,2.468049860778135,-0.6733105711046862,115.27,122.0,0.25,Solidify,,,0.0,200000000.0,200000000.0,19155.51,,0.0,1.0,933,45.0,NEUTRAL,OK,NEUTRAL,0.0,NO_NEWS,NONE,0,,0.0862926165527634,NEUTRAL,2,"OKX,KUCOIN",-9.41825068625e-06,NEUTRAL,372494282.7605002,2,"KUCOIN,OKX",-0.3770342092902886,BEARISH,2804019352778.6733,59.080019405934,96221973240.69,59.0,Neutral,SHORT,32.99,67.01,67.01,65.76,115.83828422914789,112.09343154170423,-0.0087,TF:-0.35 | TECH:26.0 | FUND:45.0 | NEWS:NO_NEWS | OB:NEUTRAL | FUNDING:NEUTRAL | BTC:BEARISH | LEARN:-0.009,2026-10-08T04:47:31.763595+00:00,1463,0.4566
DOGE/USDT,50235741.44,2,"okx,kucoin",0.0873,OKX,-0.42000744228514225,26.890394467932886,BEARISH,BEARISH,BEARISH,NEUTRAL,0.0008884485212106133,BEARISH,-0.4865439093484418,BEARISH_BREAKOUT,-1.0,5.389628812373414,-0.4858974456610102,0.08782,0.09637,0.25,Doge Grok Companion,,,0.0,4.2e+17,4.2e+17,2327.89,,0.0,1.0,443,45.0,NEUTRAL,OK,NEUTRAL,0.0,NO_NEWS,NONE,0,,0.05687211744423587,NEUTRAL,2,"OKX,KUCOIN",0.0001,NEUTRAL,106476094.51170002,2,"KUCOIN,OKX",-0.3770342092902886,BEARISH,2804019352778.6733,59.080019405934,96221973240.69,59.0,Neutral,SHORT,33.41,66.59,66.59,66.94,0.08863267278181593,0.08463465443636817,-0.0087,TF:-0.42 | TECH:26.9 | FUND:45.0 | NEWS:NO_NEWS | OB:NEUTRAL | FUNDING:NEUTRAL | BTC:BEARISH | LEARN:-0.009,2026-10-08T04:47:38.318923+00:00,1463,0.4566
TAO/USDT,35693844.23,2,"okx,kucoin",282.0,OKX,-0.5077304415236795,20.711675323736312,BEARISH,BEARISH,BEARISH,BULLISH,4.163524191150833,STRONG_BEARISH,-0.8250000000000015,BEARISH_BREAKOUT,-1.0,5.592434417269826,-0.8242180784001621,285.8,309.7,0.25,Bittensor,29.0,3259181038.12339,11595393.9730052,21000000.0,21000000.0,5902585281.7,0.5521616177622961,0.5521616177621523,332.0,1311,67.0,NEUTRAL,OK,TOP50,0.0,NO_NEWS,NONE,0,,0.4116552440014819,BULLISH,2,"OKX,KUCOIN",7.500000000000001e-05,NEUTRAL,30236208.195,2,"KUCOIN,OKX",-0.3770342092902886,BEARISH,2804019352778.6733,59.080019405934,96221973240.69,59.0,Neutral,SHORT,34.35,65.65,65.65,64.74,288.24528628672624,269.5094274265475,-0.0087,TF:-0.51 | TECH:20.7 | FUND:67.0 | NEWS:NO_NEWS | OB:BULLISH | FUNDING:NEUTRAL | BTC:BEARISH | LEARN:-0.009,2026-10-08T04:47:41.090254+00:00,1463,0.4566
XDP/USDT,14314999.11,2,"okx,kucoin",0.018929,OKX,-0.3038023987175545,29.997754254210992,BEARISH,BEARISH,UNKNOWN,UNKNOWN,0.00021036841411960645,STRONG_BEARISH,-0.697262247838615,BEARISH_BREAKOUT,-1.0,1.2689987205745432,-0.15373571170679415,0.01877,0.020498,0.25,Doppler Finance,720.0,18961295.47506087,1000000000.0,10000000000.0,10000000000.0,189612954.75,0.10000000000032101,0.1,165.0,66,43.0,WEAK,OK,HIGH_FDV_RISK,0.0,NO_NEWS,NONE,0,,-0.08298348314239418,NEUTRAL,2,"OKX,KUCOIN",7.1e-05,NEUTRAL,1544475.854,2,"KUCOIN,OKX",-0.3770342092902886,BEARISH,2804019352778.6733,59.080019405934,96221973240.69,59.0,Neutral,SHORT,34.41,65.59,65.59,64.7,0.01924455262117941,0.01829789475764118,-0.0087,TF:-0.30 | TECH:30.0 | FUND:43.0 | NEWS:NO_NEWS | OB:NEUTRAL | FUNDING:NEUTRAL | BTC:BEARISH | LEARN:-0.009,2026-10-08T04:48:04.234561+00:00,1463,0.4566
LTC/USDT,19848136.17,2,"okx,kucoin",64.31,OKX,-0.3562364191310594,24.407694444699203,BEARISH,BEARISH,BEARISH,BULLISH,0.5502771632397921,STRONG_BEARISH,-0.8745283018867915,BEARISH_BREAKOUT,-1.0,5.859288849241514,-0.8739969266058982,65.53,70.61,0.25,Litecoin,19.0,4988272648.186638,77694760.88178553,84000000.0,84000000.0,5393090829.96,0.9249376295454744,0.9249376295450658,1560.0,4911,71.0,STRONG,OK,TOP50|LOW_FDV_GAP,0.0,NO_NEWS,NONE,0,,0.1727068465264885,BULLISH,2,"OKX,KUCOIN",8.9e-05,NEUTRAL,34015579.17999999,2,"KUCOIN,OKX",-0.3770342092902886,BEARISH,2804019352778.6733,59.080019405934,96221973240.69,59.0,Neutral,SHORT,36.06,63.94,63.94,63.46,65.13541574485969,62.65916851028062,-0.0087,TF:-0.36 | TECH:24.4 | FUND:71.0 | NEWS:NO_NEWS | OB:BULLISH | FUNDING:NEUTRAL | BTC:BEARISH | LEARN:-0.009,2026-10-08T04:47:51.868660+00:00,1463,0.4566
UNI/USDT,38416977.25,2,"okx,kucoin",7.792,OKX,-0.5065875304040788,31.03116638076693,BEARISH,BEARISH,BEARISH,NEUTRAL,0.10205061637874553,STRONG_BEARISH,-0.6926470588235281,NO_BREAKOUT,0.0,1.421903371326128,-0.23396333903854155,7.694,9.017,0.25,Unicorn,,,0.0,69042000000.0,69042000000.0,88949.17,,0.0,1.0,672,45.0,NEUTRAL,OK,NEUTRAL,0.0,NO_NEWS,NONE,0,,0.11748507107310935,BULLISH,2,"OKX,KUCOIN",0.0001,NEUTRAL,48110007.392,2,"KUCOIN,OKX",-0.3770342092902886,BEARISH,2804019352778.6733,59.080019405934,96221973240.69,59.0,Neutral,SHORT,36.34,63.66,63.66,64.74,7.945075924568118,7.485848150863763,-0.0087,TF:-0.51 | TECH:31.0 | FUND:45.0 | NEWS:NO_NEWS | OB:BULLISH | FUNDING:NEUTRAL | BTC:BEARISH | LEARN:-0.009,2026-10-08T04:47:39.660185+00:00,1463,0.4566
BNB/USDT,14159426.41,2,"okx,kucoin",765.9,OKX,-0.44293789449852866,32.511144162212645,BEARISH,BEARISH,BEARISH,BULLISH,3.703831803535971,STRONG_BEARISH,-0.5884615384615489,NO_BREAKOUT,0.0,1.524135717498832,-0.24184100564942732,758.3,786.9,0.0,BeanBox,,,0.0,137733250.0,137733250.0,384163.78,,0.0,1.0,265,44.0,WEAK,OK,NEUTRAL,0.0,NO_NEWS,NONE,0,,0.06947598384890541,NEUTRAL,2,"OKX,KUCOIN",5.6000000000000006e-05,NEUTRAL,60119115.992,2,"KUCOIN,OKX",-0.3770342092902886,BEARISH,2804019352778.6733,59.080019405934,96221973240.69,59.0,Neutral,SHORT,36.9,63.1,63.1,62.82,771.4557477053039,754.7885045893921,-0.0087,TF:-0.44 | TECH:32.5 | FUND:44.0 | NEWS:NO_NEWS | OB:NEUTRAL | FUNDING:NEUTRAL | BTC:BEARISH | LEARN:-0.009,2026-10-08T04:48:05.580166+00:00,1463,0.4566
DOT/USDT,18347420.84,2,"okx,kucoin",1.0941,OKX,-0.5170647883633148,32.028419063637706,BEARISH,BEARISH,BEARISH,BULLISH,0.014530335666288747,BEARISH,-0.522507552870093,NO_BREAKOUT,0.0,1.5085167298191386,-0.2090534980247069,1.0916,1.2482,0.25,Dotcoin,,,0.0,0.0,,0.0,,,,721,51.0,NEUTRAL,OK,NEUTRAL,0.0,NO_NEWS,NONE,0,,-0.06254059704650253,NEUTRAL,2,"OKX,KUCOIN",3.10302595354e-05,NEUTRAL,15848198.4995,2,"KUCOIN,OKX",-0.3770342092902886,BEARISH,2804019352778.6733,59.080019405934,96221973240.69,59.0,Neutral,SHORT,36.92,63.08,63.08,62.81,1.1158955034994331,1.0505089930011338,-0.0087,TF:-0.52 | TECH:32.0 | FUND:51.0 | NEWS:NO_NEWS | OB:NEUTRAL | FUNDING:NEUTRAL | BTC:BEARISH | LEARN:-0.009,2026-10-08T04:47:55.952080+00:00,1463,0.4566
PEPE/USDT,15886629.35,2,"okx,kucoin",4.021e-06,OKX,-0.4844694029924332,31.98021670509167,BEARISH,BEARISH,BEARISH,BULLISH,4.4187949987290544e-08,BEARISH,-0.5146551724137901,NO_BREAKOUT,0.0,2.764504529547523,-0.46301345105591757,3.99e-06,4.381e-06,0.25,PEPECOIN (pepecoin.bar),,,0.0,100000000000.0,100000000000.0,22630.45,,0.0,1.0,48,43.0,WEAK,OK,NEUTRAL,0.0,NO_NEWS,NONE,0,,0.20673960697914825,BULLISH,2,"OKX,KUCOIN",5.3e-05,NEUTRAL,34262961.16,2,"KUCOIN,OKX",-0.3770342092902886,BEARISH,2804019352778.6733,59.080019405934,96221973240.69,59.0,Neutral,NO TRADE,37.11,62.89,62.89,62.67,,,-0.0087,TF:-0.48 | TECH:32.0 | FUND:43.0 | NEWS:NO_NEWS | OB:BULLISH | FUNDING:NEUTRAL | BTC:BEARISH | LEARN:-0.009,2026-10-08T04:48:00.170908+00:00,1463,0.4566
RAY/USDT,17040642.8,2,"okx,kucoin",2.4094,OKX,0.7871655877318515,70.15993216622553,NEUTRAL,BULLISH,BULLISH,BULLISH,0.06620050281563386,BEARISH,-0.41482300884955103,NO_BREAKOUT,0.0,0.1366721777326279,0.2557641929201367,2.1053,2.5755,0.0,Raydium,83.0,647205882.7213576,269863589.046313,554997385.630514,555000000.0,1331040123.57,0.48624070098313665,0.48624070098434774,578.0,2057,60.0,NEUTRAL,OK,TOP100,0.0,NO_NEWS,NONE,0,,0.002288137206180596,NEUTRAL,2,"OKX,KUCOIN",6.54734163528e-05,NEUTRAL,8494662.6864,2,"KUCOIN,OKX",-0.3770342092902886,BEARISH,2804019352778.6733,59.080019405934,96221973240.69,59.0,Neutral,NO TRADE,62.69,37.31,62.69,64.02,,,-0.0087,TF:0.79 | TECH:70.2 | FUND:60.0 | NEWS:NO_NEWS | OB:NEUTRAL | FUNDING:NEUTRAL | BTC:BEARISH | LEARN:-0.009,2026-10-08T04:47:58.780543+00:00,1463,0.4566
ONDO/USDT,14387857.99,2,"okx,kucoin",0.4599,OKX,-0.5044910399172328,28.553049505596718,BEARISH,BEARISH,BEARISH,BULLISH,0.006099589855633541,STRONG_BEARISH,-0.8185714285714305,NO_BREAKOUT,0.0,2.2901334850599895,-0.647800344180188,0.4571,0.5128,0.25,Ondo,42.0,2240745749.0803566,4869330647.0,10000000000.0,10000000000.0,4601753118.7,0.486933064699779,0.4869330647,462.0,993,62.0,NEUTRAL,OK,TOP50,0.0,NEUTRAL,LOW,1,"Circle, Ripple and Standard Chartered Back OKX at Flat $25B Valuation",0.16310306984846887,BULLISH,2,"OKX,KUCOIN",5e-05,NEUTRAL,21950735.86,2,"KUCOIN,OKX",-0.3770342092902886,BEARISH,2804019352778.6733,59.080019405934,96221973240.69,59.0,Neutral,NO TRADE,37.38,62.62,62.62,62.46,,,-0.0087,TF:-0.50 | TECH:28.6 | FUND:62.0 | NEWS:NEUTRAL | OB:BULLISH | FUNDING:NEUTRAL | BTC:BEARISH | LEARN:-0.009,2026-10-08T04:48:02.866403+00:00,1463,0.4566
ETH/USDT,514974110.01,2,"okx,kucoin",2559.41,OKX,-0.48755990451467096,34.956281787376554,BEARISH,BEARISH,BEARISH,NEUTRAL,15.545474088013266,BEARISH,-0.3068389057750871,NO_BREAKOUT,0.0,1.2419527465184752,-0.06104213644676188,2536.0,2725.33,0.25,Bridged ETH (NEAR Intents),8129.0,0.0,0.0,0.0,620.0,1588805.2,0.0,0.0,12.0,240,38.0,WEAK,OK,HIGH_FDV_RISK,0.0,NO_NEWS,NONE,0,,0.11966069873054094,BULLISH,2,"OKX,KUCOIN",1.35269522267e-05,NEUTRAL,1717650128.0126052,2,"KUCOIN,OKX",-0.3770342092902886,BEARISH,2804019352778.6733,59.080019405934,96221973240.69,59.0,Neutral,NO TRADE,37.87,62.13,62.13,63.6,,,-0.0087,TF:-0.49 | TECH:35.0 | FUND:38.0 | NEWS:NO_NEWS | OB:BULLISH | FUNDING:NEUTRAL | BTC:BEARISH | LEARN:-0.009,2026-10-08T04:47:28.976095+00:00,1463,0.4566
PUMP/USDT,25210545.94,2,"okx,kucoin",0.005903,OKX,0.005183098538337122,33.68767360662414,BEARISH,BEARISH,NEUTRAL,BULLISH,0.00017485864551875142,STRONG_BEARISH,-0.9964589235127475,BEARISH_BREAKOUT,-1.0,2.6179722079620813,-0.8705601719650172,0.005984,0.006664,0.25,[Fake] PUMP FUN,,,0.0,21000000000.0,21000000000.0,5587602.55,,0.0,1.0,447,45.0,NEUTRAL,OK,NEUTRAL,0.0,NO_NEWS,NONE,0,,0.21286430799317219,BULLISH,2,"OKX,KUCOIN",2.40500996402e-05,NEUTRAL,47050678.885,2,"KUCOIN,OKX",-0.3770342092902886,BEARISH,2804019352778.6733,59.080019405934,96221973240.69,59.0,Neutral,NO TRADE,38.51,61.49,61.49,60.12,,,-0.0087,TF:0.01 | TECH:33.7 | FUND:45.0 | NEWS:NO_NEWS | OB:BULLISH | FUNDING:NEUTRAL | BTC:BEARISH | LEARN:-0.009,2026-10-08T04:47:48.081746+00:00,1463,0.4566
LINK/USDT,29507852.84,2,"okx,kucoin",13.059,OKX,-0.3717839521407542,28.167199525017796,BEARISH,BEARISH,BEARISH,BULLISH,0.12303546889658139,STRONG_BEARISH,-0.6,BEARISH_BREAKOUT,-1.0,1.674498722749815,-0.3057124537602715,13.128,14.125,0.25,Chainlink,13.0,9773244785.649282,748099970.424884,1000000000.0,1000000000.0,13064089255.48,0.7480999704246276,0.748099970424884,2302.0,3305,67.0,NEUTRAL,OK,TOP50,0.0,NEUTRAL,LOW,1,Crypto Long & Short: Zcash and the case for privacy in the age of AI,0.3745478493626469,BULLISH,2,"OKX,KUCOIN",7.962945363435e-05,NEUTRAL,40922112.903400004,2,"KUCOIN,OKX",-0.3770342092902886,BEARISH,2804019352778.6733,59.080019405934,96221973240.69,59.0,Neutral,NO TRADE,38.89,61.11,61.11,61.33,,,-0.0087,TF:-0.37 | TECH:28.2 | FUND:67.0 | NEWS:NEUTRAL | OB:BULLISH | FUNDING:NEUTRAL | BTC:BEARISH | LEARN:-0.009,2026-10-08T04:47:42.406904+00:00,1463,0.4566
SUI/USDT,29130407.81,2,"okx,kucoin",1.1202,OKX,-0.2392240338850803,37.184827318709125,BEARISH,BEARISH,BEARISH,BULLISH,0.013399766410156269,STRONG_BEARISH,-0.7515075376884354,NO_BREAKOUT,0.0,1.8652246161982624,-0.46408674217239565,1.1032,1.2066,0.25,CristianoRonaldoSpeedSmurf7Siu,,,0.0,10000000000.0,10000000000.0,19349.01,,0.0,1.0,729,45.0,NEUTRAL,OK,NEUTRAL,0.0,NO_NEWS,NONE,0,,0.1899340525223236,BULLISH,2,"OKX,KUCOIN",3.9625560137250006e-05,NEUTRAL,83539864.1052,2,"KUCOIN,OKX",-0.3770342092902886,BEARISH,2804019352778.6733,59.080019405934,96221973240.69,59.0,Neutral,NO TRADE,40.61,59.39,59.39,60.04,,,-0.0087,TF:-0.24 | TECH:37.2 | FUND:45.0 | NEWS:NO_NEWS | OB:BULLISH | FUNDING:NEUTRAL | BTC:BEARISH | LEARN:-0.009,2026-10-08T04:47:43.937372+00:00,1463,0.4566
BTC/USDT,1012589122.73,2,"okx,kucoin",82536.6,OKX,-0.34166596421655204,36.73155910151516,BEARISH,BEARISH,BEARISH,BULLISH,402.3508239163181,BEARISH,-0.44668508287292075,NO_BREAKOUT,0.0,2.6589069818776543,-0.393749580077735,82650.0,86693.7,0.25,Bitcoin Gold AI,7584.0,0.0,0.0,21000000.0,21000000.0,2920.21,0.0,0.0,2.0,236,36.0,WEAK,OK,HIGH_FDV_RISK,0.0,NO_NEWS,NONE,0,,0.6099298224898002,BULLISH,2,"OKX,KUCOIN",6.77451367379e-05,NEUTRAL,2549619764.4038525,2,"KUCOIN,OKX",-0.3770342092902886,BEARISH,2804019352778.6733,59.080019405934,96221973240.69,59.0,Neutral,NO TRADE,41.16,58.84,58.84,59.63,,,-0.0087,TF:-0.34 | TECH:36.7 | FUND:36.0 | NEWS:NO_NEWS | OB:BULLISH | FUNDING:NEUTRAL | BTC:BEARISH | LEARN:-0.009,2026-10-08T04:47:27.594432+00:00,1463,0.4566
CT/USDT,60796659.67,2,"okx,kucoin",0.36078,OKX,-0.3929679166818802,40.828488901469285,BEARISH,BEARISH,UNKNOWN,UNKNOWN,0.008720335972193844,BULLISH,0.4170731707317017,NO_BREAKOUT,0.0,0.06523255670228094,-0.27198040663999623,0.34475,0.40585,0.0,Concrete,322.0,68480100.9393295,190000000.0,1000000000.0,1000000000.0,360421583.89,0.19000000000063677,0.19,226.0,29,45.0,NEUTRAL,OK,HIGH_FDV_RISK,0.0,NO_NEWS,NONE,0,,0.06958982672720766,NEUTRAL,2,"OKX,KUCOIN",-0.0002707699437477,NEUTRAL,3378319.256,2,"KUCOIN,OKX",-0.3770342092902886,BEARISH,2804019352778.6733,59.080019405934,96221973240.69,59.0,Neutral,NO TRADE,42.32,57.68,57.68,58.76,,,-0.0087,TF:-0.39 | TECH:40.8 | FUND:45.0 | NEWS:NO_NEWS | OB:NEUTRAL | FUNDING:NEUTRAL | BTC:BEARISH | LEARN:-0.009,2026-10-08T04:47:35.873808+00:00,1463,0.4566
AVAX/USDT,28107710.8,2,"okx,kucoin",10.69,OKX,0.012181957972584423,34.75137975582595,BEARISH,BEARISH,NEUTRAL,BULLISH,0.1677799764468257,STRONG_BEARISH,-0.9413793103448284,BEARISH_BREAKOUT,-1.0,2.307477613277183,-0.7500149737481541,10.938,11.729,0.25,Avalanche,22.0,4751214064.132233,443297154.40895426,469965954.40895426,715748719.0,7671322376.59,0.6193474646080781,0.619347464607833,1127.0,2278,67.0,NEUTRAL,OK,TOP50,0.0,NO_NEWS,NONE,0,,0.26058670593935546,BULLISH,2,"OKX,KUCOIN",-9.785809688575e-05,NEUTRAL,42771979.591000006,2,"KUCOIN,OKX",-0.3770342092902886,BEARISH,2804019352778.6733,59.080019405934,96221973240.69,59.0,Neutral,NO TRADE,42.5,57.5,57.5,57.12,,,-0.0087,TF:0.01 | TECH:34.8 | FUND:67.0 | NEWS:NO_NEWS | OB:BULLISH | FUNDING:NEUTRAL | BTC:BEARISH | LEARN:-0.009,2026-10-08T04:47:45.338849+00:00,1463,0.4566
XMR/USDT,51878705.58,1,kucoin,557.35,KUCOIN,0.5905359396501317,62.133212698102255,BULLISH,NEUTRAL,BULLISH,BULLISH,5.147644208849918,STRONG_BEARISH,-0.6733695652173805,NO_BREAKOUT,0.0,0.8604641421614309,0.07794833610505703,545.2,571.87,0.0,Monero AI,7537.0,0.0,0.0,18000000.0,18000000.0,11898.35,0.0,0.0,1.0,257,36.0,WEAK,OK,HIGH_FDV_RISK,0.0,NO_NEWS,NONE,0,,0.5754931273493824,BULLISH,1,KUCOIN,0.0001,NEUTRAL,7273364.0,1,KUCOIN,-0.3770342092902886,BEARISH,2804019352778.6733,59.080019405934,96221973240.69,59.0,Neutral,NO TRADE,57.11,42.89,57.11,59.83,,,-0.0087,TF:0.59 | TECH:62.1 | FUND:36.0 | NEWS:NO_NEWS | OB:BULLISH | FUNDING:NEUTRAL | BTC:BEARISH | LEARN:-0.009,2026-10-08T04:47:36.870472+00:00,1463,0.4566
XAUT/USDT,18710184.54,2,"okx,kucoin",4135.0,OKX,-0.4623461626222941,35.030987972280045,BULLISH,NEUTRAL,BEARISH,BEARISH,11.561573262365455,BEARISH,-0.4132075471698332,NO_BREAKOUT,0.0,0.29873751474258625,0.21728333897327726,4075.9,4182.9,0.0,Tether Gold,33.0,3013237351.230102,729323.659532,827417.63,,3418517519.89,0.8814456365070965,,487.0,2435,67.0,NEUTRAL,OK,TOP50|LOW_FDV_GAP,0.0,NO_NEWS,NONE,0,,0.4639593673337065,BULLISH,2,"OKX,KUCOIN",5e-05,NEUTRAL,4951498.0,1,KUCOIN,-0.3770342092902886,BEARISH,2804019352778.6733,59.080019405934,96221973240.69,59.0,Neutral,NO TRADE,43.69,56.31,56.31,56.23,,,-0.0087,TF:-0.46 | TECH:35.0 | FUND:67.0 | NEWS:NO_NEWS | OB:BULLISH | FUNDING:NEUTRAL | BTC:BEARISH | LEARN:-0.009,2026-10-08T04:47:54.539841+00:00,1463,0.4566
SAND/USDT,17416486.21,2,"okx,kucoin",0.07501,OKX,0.5638498956391822,63.18337512720757,BEARISH,BULLISH,BULLISH,BULLISH,0.0026593262109284857,BEARISH,-0.5403614457831372,NO_BREAKOUT,0.0,0.26641598990887694,0.2945270424481069,0.06488,0.08783,0.0,The Sandbox,137.0,220903528.4220156,2937639702.3733225,3000000000.0,,225592874.69,0.9792132341306068,,747.0,2255,63.0,NEUTRAL,OK,TOP250|LOW_FDV_GAP,-0.7,STRONGLY_BEARISH,HIGH,1,Crypto rebounds after Trump TACO’s on Tariffs! BitGo $2.1B IPO! Solana’s SKR token soars 250% FDV!,-0.022611805852635856,NEUTRAL,2,"OKX,KUCOIN",7.500000000000001e-05,NEUTRAL,74366596.171,2,"KUCOIN,OKX",-0.3770342092902886,BEARISH,2804019352778.6733,59.080019405934,96221973240.69,59.0,Neutral,NO TRADE,54.36,45.64,54.36,58.27,,,-0.0087,TF:0.56 | TECH:63.2 | FUND:63.0 | NEWS:STRONGLY_BEARISH | OB:NEUTRAL | FUNDING:NEUTRAL | BTC:BEARISH | LEARN:-0.009,2026-10-08T04:47:57.316571+00:00,1463,0.4566
OKB/USDT,23298391.74,1,okx,128.93,OKX,0.25375383480197133,49.831450156687964,BEARISH,NEUTRAL,BULLISH,BULLISH,1.6179365009005906,STRONG_BEARISH,-0.9510000000000005,NO_BREAKOUT,0.0,1.544517760182136,-0.404164304441808,128.2,143.32,0.25,OKB,38.0,2709654622.153089,21000000.0,21000000.0,21000000.0,2709654622.15,1.00000000000114,1.0,214.0,2718,71.0,STRONG,OK,TOP50|LOW_FDV_GAP,0.0,NO_NEWS,NONE,0,,0.3715957595797446,BULLISH,1,OKX,5e-05,NEUTRAL,37325498.7168,1,OKX,-0.3770342092902886,BEARISH,2804019352778.6733,59.080019405934,96221973240.69,59.0,Neutral,NO TRADE,53.18,46.82,53.18,53.89,,,-0.0087,TF:0.25 | TECH:49.8 | FUND:71.0 | NEWS:NO_NEWS | OB:BULLISH | FUNDING:NEUTRAL | BTC:BEARISH | LEARN:-0.009,2026-10-08T04:47:50.479739+00:00,1463,0.4566
AAVE/USDT,26650546.6,2,"okx,kucoin",172.52,OKX,-0.025214834190587065,48.11785226126149,BEARISH,BEARISH,NEUTRAL,BULLISH,1.8941371579570399,BEARISH,-0.41600985221674613,NO_BREAKOUT,0.0,0.42995710949227356,0.18398414602878832,169.92,185.21,0.25,Aave,39.0,2659219512.607021,15435567.17674135,16000000.0,,2756459268.04,0.9647229485447386,,1369.0,2197,67.0,NEUTRAL,OK,TOP50|LOW_FDV_GAP,0.0,NO_NEWS,NONE,0,,-0.19883992720414395,BEARISH,2,"OKX,KUCOIN",2.81762815247e-05,NEUTRAL,28256492.276000008,2,"KUCOIN,OKX",-0.3770342092902886,BEARISH,2804019352778.6733,59.080019405934,96221973240.69,59.0,Neutral,NO TRADE,48.68,51.32,51.32,52.49,,,-0.0087,TF:-0.03 | TECH:48.1 | FUND:67.0 | NEWS:NO_NEWS | OB:BEARISH | FUNDING:NEUTRAL | BTC:BEARISH | LEARN:-0.009,2026-10-08T04:47:46.716250+00:00,1463,0.4566
PONS/USDT,15447892.26,2,"okx,kucoin",0.4146,OKX,0.21600516159610778,48.576022175382576,BULLISH,BULLISH,BEARISH,UNKNOWN,0.0153438239413101,STRONG_BEARISH,-0.726795580110497,NO_BREAKOUT,0.0,2.389017795463706,-0.5961383221337397,0.3698,0.4317,0.0,Pons,117.0,282548029.58850896,679507911.721561,679507911.721561,679507911.721561,282548029.59,0.999999999994723,1.0,317.0,71,65.0,NEUTRAL,OK,TOP250|LOW_FDV_GAP,0.0,NEUTRAL,HIGH,1,Circle Welcomes DJ Khaled to 'Team USDC' and Crypto Twitter Is Furious,0.29988083111924846,BULLISH,2,"OKX,KUCOIN",5e-05,NEUTRAL,12990241.77,2,"KUCOIN,OKX",-0.3770342092902886,BEARISH,2804019352778.6733,59.080019405934,96221973240.69,59.0,Neutral,NO TRADE,51.19,48.81,51.19,54.39,,,-0.0087,TF:0.22 | TECH:48.6 | FUND:65.0 | NEWS:NEUTRAL | OB:BULLISH | FUNDING:NEUTRAL | BTC:BEARISH | LEARN:-0.009,2026-10-08T04:48:01.502809+00:00,1463,0.4566
